News,Category
Canada Bread agrees to $50M fine for role in bread price-fixing scandal,Business
Is Taylor Swift saving the economy?,Business
How student loans keep some people trapped in debt,Business
"The end of Sunwing and Swoop is good for everyone, WestJet says — but consumers aren't buying it",Business
What spending slowdown? Retail sales suggest Canadians aren't ready to quit shopping,Business
Telus scraps 1.5% credit card surcharge on customer bills,Business
Largest newspaper chain in U.S. sues Google for monopoly on online ads,Business
"Big banks must have more capital on hand to cover potential losses, after new regulator rules",Business
Giant U.S. subsidies begin luring Canadian clean tech companies and talent to move south,Business
"WestJet to shut down Sunwing Airlines, merge it with mainline business",Business
TD direct deposit system hit with technical issues preventing people from getting paid,Business
Sweden's inflation rate is higher than expected — and it's kind of Beyoncé's fault,Business
LGBTQ beer ads are old hat — despite new troubles for Bud Light,Business
Ukraine hopes to rejuvenate its oil and gas sector — and wants Canada to help,Business
Ottawa should consider windfall tax on grocery profits if they're found to be excessive: report,Business
Ticketmaster announces all-in pricing option during Biden junk fees meeting,Business
Senate committee urges Cannabis Act overhaul to address exclusion of First Nations,Business
Relief for long-term borrowers may be short as Fed aims to hike rates to 5.6% this year,Business
Loblaw customers protest receipt-check policy introduced at select stores,Business
Canada is paying 'an enormous price' for the Volkswagen battery plant. Is it worth it?,Business
"BCE laying off 1,300 people, closing foreign news bureaus and 9 radio stations across Canada",Business
U.S. central bank holds interest rate steady — but says 2 more hikes are coming,Business
"From empty dealer lots to sky-high prices, here's why Canada's new car market is still a mess",Business
The company that makes the Instant Pot and Pyrex cookware is filing for bankruptcy,Business
Hamilton man injured on the job warns young workers: 'It's not worth it',Business
Ottawa's ban on Huawei equipment stalls fibre optic rollout in at least one Alberta community,Business
Would you share a single room with 3 other people? Why student housing is in a crisis,Business
U.S. inflation rate drops to 4% in May — lowest level in 2 years,Business
Reddit is facing a major protest from its own moderators,Business
Cargo loaders at B.C.'s ports vote overwhelmingly in favour of strike,Business
All remaining Nordstrom stores in Canada to close for good by Tuesday,Business
Glencore offers to buy Teck's steelmaking coal business,Business
JPMorgan Chase settles lawsuit filed by Jeffrey Epstein victim,Business
Rocky Mountain employers in Alberta see major boost in temporary foreign worker approvals,Business
"Canadians are working past retirement, but not because they want to",Business
New federal fuel regulations are coming soon — here's what you can expect,Business
Data reveals Canada's worst airline; spam calls are here to stay: CBC's Marketplace cheat sheet,Business
WestJet shutting down discount airline Swoop,Business
Air Canada now offering some compensation over recent delays,Business
"Canada lost 17,000 jobs in May — mostly among young people",Business
The painful end of free money as real interest rates start to rise,Business
Canadian Pacific guilty of contempt of court for excessively long work shifts,Business
"Is virtual reality the future? Apple's betting on it, but VR experts say we may not be there yet",Business
Bank of Canada hikes interest rate again — and there may be more to come,Business
Crave to launch ad-supported tier this summer,Business
Shakeup at Indigo as almost half of company's board exits and chair Heather Reisman will also leave soon,Business
Irving Oil considers sale of company as part of strategic review,Business
Tim Hortons credit card to launch in mobile rewards app,Business
"Ex-TikTok executive says Chinese government used app to locate, identify Hong Kong protesters",Business
Dollarama profit jumps to as Canadians keep discount shopping — and buy more when they do,Business
The Bank of Canada's 'conditional pause' on interest rates may be over — so brace for another hike soon,Business
"PGA Tour, Europe announce merger with Saudis and rival LIV Golf",Business
"First Binance, now Coinbase: SEC accuses crypto trading platforms of being illegal",Business
Why the biggest landlord in Canada's North has seen its stock price tank even as rents go up,Business
"Apple announces new VR headset Vision Pro, to launch next year",Business
SEC sues crypto firm Binance and CEO Changpeng Zhao for 13 securities violations,Business
Corrections commissioner never mentioned Bernardo transfer over months of conversations: Mendicino,Politics
Conservatives claim Liberal campaign in Oxford byelection was 'racist',Politics
Justin Trudeau is preparing a summer cabinet shuffle — and all eyes are on Mendicino,Politics
"NDP, fire chiefs urge government to boost volunteer firefighter tax credit",Politics
"Ottawa releases action plan to implement UNDRIP, despite calls for more consultation",Politics
"Russia-aligned hackers are looking to disrupt Canada's energy sector, intelligence agency warns",Politics
Government hints news about a possible public inquiry into foreign interference coming soon,Politics
Those byelection results suggest the next federal election is up for grabs,Politics
"Canadian oil production could peak as early as 2026 in net-zero future, energy regulator says",Politics
Canada getting no 'tangible benefit' from membership in Asian infrastructure bank: former executive,Politics
"Liberals, Conservatives take 2 seats apiece in 4 federal byelections",Politics
Liberals table bill meant to make transportation sector more efficient,Politics
CBSA thought he might be a Chinese spy. A federal judge called the intelligence 'dubious',Politics
"Brian Mulroney defends Trudeau, says Parliament Hill gripped by 'trash, rumours, gossip'",Politics
Applications open to replace former Supreme Court justice Russell Brown,Politics
PM must launch inquiry into foreign interference before Tories suggest someone to lead it: Poilievre,Politics
"Members killed in military helicopter crash near Garrison Petawawa, PM says",Politics
"Monument to residential school survivors, victims to be built on Parliament Hill",Politics
RCMP says there was 'insufficient evidence' to lay charges in SNC-Lavalin affair,Politics
"Ottawa condemns Iran's use of the death penalty, sanctions seven Iranian judges",Politics
What to watch for in Monday's 4 federal byelections,Politics
"Independent inquiry needed to address abuse in Canadian sports, U.S. judge says",Politics
"N.B. premier stands by changes to school LGBTQ policy, says he does not want an election",Politics
Indigenous artist chosen to design Canada's Afghan war monument,Politics
Only a small percentage of travellers are using ArriveCAN months after it was made optional,Politics
Who is liable for the climate crisis? Canadians are going to court to find out,Politics
Canada's ambassador to China says nations must co-operate despite strained relationship,Politics
Giant U.S. subsidies begin luring Canadian clean tech companies and talent to move south,Politics
Federal byelection for Calgary Heritage set for July 24,Politics
Rebuilding Ukraine's ruined Nova Kakhovka dam pits history against economic reality,Politics
"'It brings everything right back,' says Rodney Stafford on the prison transfer of Paul Bernardo",Politics
Language politics take centre stage in Montreal federal byelection,Politics
"Suddenly, the World Economic Forum is a ballot box issue in a Manitoba byelection",Politics
"Outside a flooded Ukrainian city, specialists warily sweep the ground for hidden bombs",Politics
Snowbirds pilot reassigned after accusation of sexual misconduct,Politics
"To keep its air clean, U.S. is sending wildfire-detection data to Canada",Politics
Supreme Court upholds agreement that lets Canada send refugees back to U.S.,Politics
Canada's population surpasses 40 million,Politics
"Under fire and armed with shovels, Ukrainians fight to reclaim flooded city of Kherson",Politics
PSAC members ratify tentative agreements,Politics
"House of Commons passes motion to permanently allow virtual attendance, voting",Politics
Ontario the latest province to stop imprisoning migrants,Politics
"As nominations get closer scrutiny, Conservatives quietly drop 'bulk membership' buys",Politics
Ontario expanding 'strong mayor' powers to cities across province,Politics
Ottawa should consider windfall tax on grocery profits if they're found to be excessive: report,Politics
Marco Mendicino sidesteps questions about returning Bernardo to maximum security,Politics
"Chong affair shows CSIS is in need of legal reform, ex-national security adviser says",Politics
Justice Minister Lametti has lost 2 government cars to thieves in recent years,Politics
"Ottawa unveils sustainable jobs plan for energy sector, says it thinks it can get Alberta to buy in",Politics
"Canada risks 'permanent state of chaos' if politicians don't smarten up about social media, O'Toole says",Politics
Ottawa commits $25M to create Canada's first-ever LGBTQ entrepreneurship program,Politics
Marco Mendicino adds to the Liberal government's paperwork problems,Politics
"PMO staff were told about possible Paul Bernardo transfer in March, spokesperson says",Politics
Pierre Poilievre calls for public safety minister to resign over Bernardo prison revelations,Politics
Canada halting all government-led activity with China-led Asian Infrastructure Investment Bank,Politics
Russia says relations with Canada close to 'being severed' as Ottawa seizes cargo plane,Politics
Meet trail-blazing twins at the cutting edge of Indigenous storytelling,Entertainment
Taylor Swift skips Canada as new Eras tour dates are announced,Entertainment
Indigenous artists design 'beaded' Path to Reconciliation mural in downtown Regina,Entertainment
"As K-pop group BTS celebrates 10 years, the industry's future rests with its diehard fandom",Entertainment
Summer 2023 album guide: 16 new releases you need to hear,Entertainment
"Paul Simon reflects on faith, death and the existence of God",Entertainment
"Andrew Tate charged with rape, human trafficking in Romania",Entertainment
A phone was thrown at Bebe Rexha during NYC concert. It's not the first time this has happened,Entertainment
The real love and loss behind Elemental's fire-meets-water movie,Entertainment
Is Taylor Swift saving the economy?,Entertainment
The Flash has issues and Ezra Miller is only one of them,Entertainment
"Swords, spaceships and a paintbrush: Here are some of Summer Game Fest's best",Entertainment
Annie Murphy on Black Mirror's AI acting fears — and that Schitt's Creek call-out,Entertainment
Asteroid City is a masterful puzzle — and likely to be Wes Anderson fans' most hated movie,Entertainment
Lilly Singh to host new Battle of the Generations series,Entertainment
Ticketmaster announces all-in pricing option during Biden junk fees meeting,Entertainment
"Glenda Jackson, two-time Oscar winner and British MP, dead at 87",Entertainment
"Cormac McCarthy, bleak and brutal titan of American literature, dead at 89",Entertainment
"2023 Polaris Music Prize long list: Feist, Jessie Reyez and more",Entertainment
TikTok's becoming a TV platform. One pirated clip at a time,Entertainment
"Canadian series from Elliot Page, Letterkenny producers to stream on Paramount Plus",Entertainment
Golden Globe Awards sold to new owner years after Hollywood backlash,Entertainment
"Veteran film, TV actor Treat Williams dead after motorcycle accident",Entertainment
"New Beatles song created using AI, says Paul McCartney",Entertainment
The Bachelor for seniors? Here are the buzziest shows airing on Canadian TV in the next year,Entertainment
Wheel of Fortune host Pat Sajak announces retirement,Entertainment
Tony Awards telecast makes inclusive history — and puts on quite a show despite Hollywood strike,Entertainment
Showcase festivals offer hope while highlighting the grind for emerging musicians,Entertainment
"In Bones of Crows, Grace Dove found healing among the heaviness",Entertainment
Transformers: Rise of the Beasts is fuel for fans with a new flavour (and a funny Pete Davidson),Entertainment
Man pleads guilty to helping 2 others accused in fatal shooting of rapper Young Dolph,Entertainment
Jonita Gandhi was rejected from Canadian Idol. Now she's behind some of Bollywood's biggest hits,Entertainment
Ottawa wants to keep social media creators out of online streaming rules,Entertainment
Comic actor Jay Johnston charged with Capitol riot-related offences,Entertainment
What is this year's song of the summer? Here are 13 Canadian contenders,Entertainment
Crave to launch ad-supported tier this summer,Entertainment
American poet Roger Reeves wins $130K Griffin Poetry Prize for best poetry book in the world,Entertainment
Why Elliot Page is speaking out about being trans 'in this climate of such intense hostility',Entertainment
Pro wrestling icon the Iron Sheik dead at 81,Entertainment
New season of survival series Alone set in northern Saskatchewan,Entertainment
"Ben Kingsley on portraying historical figures, from Salvador Dali to Mahatma Gandhi",Entertainment
Check out this art show under the sea,Entertainment
"Aysanabee, Snotty Nose Rez Kids lead 2023 Summer Solstice Indigenous Music Award winners",Entertainment
"Ahead of Never Have I Ever's final season, Maitreyi Ramakrishnan tells us how she really feels",Entertainment
"Astrud Gilberto, singer behind The Girl from Ipanema, dead at 83",Entertainment
Prince Harry says 'vile' press coverage led to depression in rare royal court testimony,Entertainment
"Actor Cuba Gooding Jr. settles civil sex abuse case, averting trial",Entertainment
Bling Empire star Anna Shay dead from a stroke at 62,Entertainment
"Hollywood actors union votes to strike if contract talks fail, as writers walkout continues",Entertainment
"The Idol: The Weeknd, Sam Levinson successfully dodge decent storytelling in HBO slog",Entertainment
Dun-dun! A Law & Order spinoff set in Toronto will premiere spring 2024,Entertainment
The Little Mermaid's 'review bombing' is just a sign of what's to come,Entertainment
The U.S. writers strike began 1 month ago. Here's how it's affecting the Canadian industry,Entertainment
Bones of Crows star Grace Dove says she became an actor 'to share hard stories',Entertainment
"Call it Amazing, call it Spectacular — what sets Spider-Verse sequel apart is the storytelling",Entertainment
"Stephen King adaptation The Boogeyman is scary and good, but not scary good",Entertainment
Samantha's back — Sex and the City's Kim Cattrall films cameo on And Just Like That,Entertainment
Dolly Parton sets three more Guinness World Records,Entertainment
Festival phenom Past Lives was made to present the ordinary as extraordinary,Entertainment
Danny Masterson found guilty of 2 counts of rape in retrial,Entertainment
"Topless Junos protester pleads guilty to trespassing, agrees to pay fine",Entertainment
Succession ends where it started: with scheming Roy family getting triple-played,Entertainment
"The Brady Bunch house is for sale. Owning it is like 'living in the TV show,' says realtor",Entertainment
Iconic Quebec actor Michel Côté dies at 72,Entertainment
"Filipinos break ground, bring controversy to Broadway with reboot of Here Lies Love",Entertainment
"Anatomy of a Fall wins Cannes Palme d'Or, capping strong festival for women",Entertainment
Céline Dion cancels her Courage world tour,Entertainment
The Little Mermaid's biggest success? It's not as terrible as live-action remakes can be,Entertainment
Judge throws out lawsuit over nude scene in 1968 film Romeo and Juliet,Entertainment
How the Priyanka Chopra Jonas spy series Citadel was designed to have international appeal,Entertainment
Gotta name 'em all: Streets in this Las Vegas suburb are named after beloved Pokemon,Entertainment
Mattea Roach places 2nd in Jeopardy! Masters tournament,Entertainment
"Tina Turner, powerhouse singer dubbed the queen of rock 'n' roll, dead at 83",Entertainment
Rapper Fetty Wap sentenced to 6 years in prison for drug-trafficking scheme,Entertainment
"With Still, Michael J. Fox wanted to get real about sharing his journey with Parkinson's disease",Entertainment
"Canadian actor, musician Samantha Weinstein dead at 28",Entertainment
"Actor Ray Stevenson, known for RRR, Rome and Thor, dead at 58",Entertainment
DeFord Bailey's grandson says seeing street named after the music legend is a 'feeling like no other',Entertainment
Why a Grammy award-winning producer is opening a music venue in rural Newfoundland,Entertainment
A Canadian guide to the 2023 Cannes Film Festival,Entertainment
"British novelist Martin Amis, who brought rock 'n' roll sensibility to his work, has died at 73",Entertainment
Aunty B's House sitcom for preschoolers all about life in foster care,Entertainment
"Pedal to the metal and running on fumes, Fast X is furiously flawed",Entertainment
"Andy Rourke, bassist for '80s British group The Smiths, dead at 59",Entertainment
These are the inductees of the Canadian Music Hall of Fame,Entertainment
Martha Stewart's breaking barriers with Sports Illustrated cover and that's a good thing ... right?,Entertainment
Rainn Wilson says our world needs a spiritual revolution,Entertainment
"Ontario busker finishes 4th on Canada's Got Talent, says time on show a 'whirlwind'",Entertainment
Vice Media Group files for bankruptcy protection,Entertainment
She was busking outside a Niagara Falls casino. Now she's in the finals of Canada's Got Talent,Entertainment
Netflix still charging Canadians who share passwords but not Americans — for now,Entertainment
How pop stars like Beyoncé and Taylor Swift are embracing the social media concert,Entertainment
"Chaotic, comedic and surprisingly personal — thumbs up for Jay Baruchel's BlackBerry",Entertainment
"Camp, choruses and a Canadian: Here's what to expect at the Eurovision 2023 final",Entertainment
Joni Mitchell's set at 2022 Newport fest to be a live album,Entertainment
Legend of Zelda: Tears of the Kingdom sticks the landing in a triumphant return to Hyrule,Entertainment
"Jacklyn Zeman, General Hospital star for more than 4 decades, dead at 70",Entertainment
"Heather Armstrong, mommy blogger known as Dooce, dies at 47",Entertainment
"A B.C. comedian prank-called Alex Jones. Now, Jones has threatened legal action",Entertainment
"Canadians are taking Ozempic, but stigma around weight stops them talking about it",Health
"Death toll for toxic drugs in B.C. surpasses 1,000 in first 5 months of the year",Health
Osteoporosis is a silent disease. Here's what experts say about how to prevent it,Health
"This simple surgery could slash ovarian cancer rates in Canada, specialists say",Health
A composer worked with patients in therapy. They created beautiful music together,Health
Med school tackles rural doctor shortage with crash course in community culture,Health
B.C. sales of Ozempic to U.S. residents plummet by 99% after provincial restrictions,Health
Doctors urge caution as more parents use melatonin to help their kids sleep,Health
They had access to a safe supply as health-care workers. That's why they want the same for others,Health
"Patient lawsuits say fake nurse caused 'excruciating' pain, loss of trust in health-care system",Health
B.C. announces universal coverage for medication to treat opioid addiction,Health
"Sedatives added to P.E.I. street drugs have made opioids more risky, says PEERS Alliance",Health
NDP tables pharmacare bill to pressure government,Health
"Alberta cancer diagnoses dropped sharply early in pandemic, Calgary study shows",Health
"Rising number of calls indicate growing mental health crisis, say police on P.E.I.",Health
Hamilton public health board moves forward with new opioid action plan,Health
Eating healthy is hard. It's even harder for people who can barely afford to eat at all,Health
Survivors promise it gets better as research shows surge in suicide deaths for young girls,Health
"Common, inexpensive diabetes drug could cut long COVID risk, study finds",Health
"Deadly drug just 'a click away,' warns grieving Ontario family",Health
"Hair loss can be difficult, cancer patients say — and some want better access to options",Health
Wildfire smoke is in our homes. Here's how to clear out toxic particles,Health
Supreme Court won't hear case of Alberta patient denied transplant for refusing COVID vaccine,Health
"Syphilis cases in B.C. youth have nearly doubled, health officials say. But some may not know they have it",Health
How we measure air quality and what the numbers mean,Health
How 'severe and unusual' smoke from Canadian wildfires is spreading and what it means for your health,Health
Outbreak of deadly Marburg virus ends in Equatorial Guinea: WHO,Health
"Poor air quality, higher pollution levels persist in Toronto amid wildfire smoke Thursday",Health
"Smoky skies bulletins issued, warning of poor air quality across B.C.",Health
"Forest fire smoke envelops Toronto, bringing poor air quality, pollution",Health
"Dangerously bad, smoky air persists in Ottawa area",Health
Reinforcements arriving to fight Quebec fires as premier warns of more evacuation orders,Health
How to better protect yourself from the health effects of wildfire smoke,Health
Federal judge blocks Florida ban on transgender medical treatment for minors,Health
"Provincial health officer, chief coroner condemn 'polarizing' rhetoric over B.C.'s safe drug supply",Health
Federal data forecasts grim wildfire season this summer,Health
Massive forest fires are coating much of Quebec in haze and smoke,Health
Forest fire forces evacuation west of Ottawa,Health
Halifax firefighters describe risking their lives to save elderly man from wildfire,Health
How does wildfire smoke affect long-term health? Researchers are trying to find out,Health
Climate change is fuelling a spike in Lyme disease cases across Canada,Health
Scared of heights? How virtual reality can help people overcome their phobias,Health
How these Indigenous pharmacists are building trust and confronting health care's legacy of systemic racism,Health
"Industry knew about risks of PFAS 'forever chemicals' for decades before push to restrict them, study says",Health
"Women fare worse than men after surviving a stroke, new report suggests",Health
Cigarette warning labels are about to get even harder to ignore in Canada,Health
"U.S. ruling gives Sackler family, owners of Purdue Pharma, immunity from opioid lawsuits",Health
Canadian researchers use AI to find a possible treatment for bacteria superbug,Health
"Some patients opt to pay for U.S. cancer screening, even as new B.C. program seeks to lift backlog",Health
Ontario hospitals brace for summer ER staffing challenges,Health
ER doctors at 2 more B.C. hospitals say staffing crisis leaves patients with 'undignified' care,Health
B.C. initiative aims to expand genetic screening for Ashkenazi Jewish people at risk of hereditary cancers,Health
Brain surgeon Henry Marsh on what it felt like to receive his own bad cancer news,Health
"Free medications produce overall health-care savings in Ontario trial, new study suggests",Health
"More concern, more letters from Alberta ER doctors saying health system in crisis",Health
B.C. concussion researchers propose change to 'wildly inconsistent' way the brain injury is diagnosed,Health
How do we solve the family doctor shortage?,Health
190 Calgary doctors warn emergency rooms 'collapsing' in open letter,Health
Renfrew County's virtual pandemic project might be short-term fix for family doctor shortage,Health
"Biotech company expands antibody research, production facilities in Vancouver with government cash boost",Health
"With Still, Michael J. Fox wanted to get real about sharing his journey with Parkinson's disease",Health
"Cannabis use sending more pregnant Canadians to hospital, new study finds",Health
Senior physician warns of a crisis in one of B.C.'s busiest ERs,Health
How the polio epidemic revolutionized modern medicine,Health
Manitoba chiropractor cleared of misconduct after posting pro-vaccine news story,Health
Patient claims she suffered brain injury after B.C. doctors lost track of opioids given for pain,Health
"National dental plan must address major access and equity issues, disability advocates say",Health
"Family medicine for all: Community health centres serve their neighbours, but capacity issues remain",Health
He wasn't worried by the spot on his tongue. His dental hygienist thought it looked like cancer,Health
"It took 60 years, but RSV vaccines are just around the corner — and could make a big difference",Health
New campaign sheds light on 'invisible' crisis of concussions and domestic violence,Health
"From cancer to mental health, firefighters battle on long after the smoke clears",Health
Drop in cancer diagnoses in 2020 possibly linked to COVID-19 disruptions: Statistics Canada,Health
"Canada has some of the highest teen vaping rates in the world, new data shows",Health
"Committee of MPs, former judges to examine firing of 2 National Microbiology Lab scientists",Health
Toronto-based study aims to bridge knowledge gap in women's cardiovascular health,Health
"Some B.C. cancer patients to be offered radiation treatments in Bellingham, Wash.",Health
"Health officials won't publicly admit scale of 'crisis' at Surrey Memorial Hospital ER, doctors' letter says",Health
Hormone therapy should be offered to more women with severe menopause: review,Health
"Opioid-related deaths dropped in Toronto in 2022, expert says more robust response to crisis needed",Health
Quebec sent Ottawa hospital hundreds of birth alerts despite Ontario ban,Health
"No end in sight to kids' mental health crisis, Calgary doctors warn",Health
A B.C. man called a toll-free mental health hotline. He was charged $33 for the call,Health
Hundreds of thousands of Canadians get concussions each year — many don't recover,Health
"Time to Eat: Exploring connections between community, family and food",Indigenous
Celebrating National Indigenous Peoples Day,Indigenous
Why totem poles were never meant to be in museums,Indigenous
How this knowledge keeper is sharing traditional Indigenous teachings with Regina students,Indigenous
Filmmaker returns to Walpole Island First Nation to explore his roots in CBC documentary,Indigenous
Meet trail-blazing twins at the cutting edge of Indigenous storytelling,Indigenous
"She didn't have a single lesson on Indigenous culture growing up. Now, she's changing that",Indigenous
Young Indigenous journalists on the stories they want to tell,Indigenous
Joe Buffalo's long road from residential school to pro skateboarding,Indigenous
It starts with healing: Anishnabeg Outreach creates one stop shop for supports and education,Indigenous
"Grassy Narrows chief questions federal commitment to mercury care home amid delays, soaring costs",Indigenous
Indigenous artists design 'beaded' Path to Reconciliation mural in downtown Regina,Indigenous
This trading post on the Halifax waterfront was 270 years in the making,Indigenous
Six Nations Polytechnic celebrates largest Indigenous languages graduating class,Indigenous
"For Team Manitoba players and coaches, the countdown is on for North American Indigenous Games",Indigenous
Lawyer says residential school denialism should be added to Criminal Code,Indigenous
"Monument to residential school survivors, victims to be built on Parliament Hill",Indigenous
Northern Manitoba teachers use teddy bears to teach about truth and reconciliation,Indigenous
New picture book by Orange Shirt Day creator Phyllis Webstad to explore meaning of 'Every Child Matters',Indigenous
Pathway to Reconciliation mural project brings colour to downtown Regina,Indigenous
Ontario First Nations chiefs protest federal Métis self-government bill,Indigenous
Indigenous artist chosen to design Canada's Afghan war monument,Indigenous
New lodge in Gagetown to offer land-based healing for Indigenous women,Indigenous
Meet Vancouver's first senior director of Indigenous relations,Indigenous
"Medical patients flock to this northern community, but there aren't enough places to stay",Indigenous
Archaeology on ancestral lands: Students dig into Métis stories on historic Alberta river lots,Indigenous
Mi'kmaw lexicon expands with sports names for North American Indigenous Games,Indigenous
"As tourists flock to Montreal for F1 race, Cree dialysis patients who fled fires are on the move again",Indigenous
Generations dance together at Sitansisk powwow,Indigenous
Wampanoag chef 1st Indigenous woman to win a James Beard Award,Indigenous
"Peguis First Nation, surrounding Manitoba communities fear lack of funding could shut down ambulance service",Indigenous
How these Indigenous fashion designers are taking a modern approach to traditional designs,Indigenous
Musician Edzi'u creates soundscapes that explore colonialism and Indigenous resistance,Indigenous
'Canada has a lot of unpaid bills': $10B settlement reached in landmark First Nation treaty case,Indigenous
First Nations in Yukon hope search for unmarked graves of missing children can 'bring peace',Indigenous
Indigenous-led Jericho Lands housing proposal begins public consultations in Vancouver,Indigenous
Indigenous grads wear regalia to claim their place,Indigenous
Efforts to save Wolastoqey language to get a boost from new language platform,Indigenous
Weengushk Film Institute connects students to land and culture on cross-country journey,Indigenous
Independent report details 48 findings about challenges of searches for unmarked graves,Indigenous
Hamilton adds signs at 4 monuments to acknowledge 'problematic' sites need to change,Indigenous
At Bex Baked Goods every sugar cookie tells the story of Haudenosaunee culture,Indigenous
I came into his family as a Sixties Scoop survivor. I'm thankful my dad sheltered me from harm and hatred,Indigenous
Meet some of the 2023 Indspire Awards recipients making a difference in their communities,Indigenous
Senate committee urges Cannabis Act overhaul to address exclusion of First Nations,Indigenous
Ex-Anglican priest found guilty of sexually abusing 2 Yukon First Nations boys in the '80s,Indigenous
MLAs pay tribute to late Tr'ondëk Hwëch'in elder Peggy Kormendy and her 'enduring legacy',Indigenous
3 northern Ontario Indigenous police services await federal judge's ruling on funding stalemate,Indigenous
Bodies of 2 Innu babies to be exhumed in first for Quebec's new law,Indigenous
"Owner of Kahnawà:ke women's-only gym aims to empower clients, meet growing demand",Indigenous
"4,000 square kilometres of land has burned near Sambaa K'e. What does that mean for fish?",Indigenous
'Pride in the valley': Manitoba First Nation celebrates Zach Whitecloud's Stanley Cup win,Indigenous
"Gwich'in wellness camp set to reopen this winter, says grand chief",Indigenous
New social media challenge sees mermen surface from First Nations across Manitoba,Indigenous
Catholic Church's reconciliation fund draws mixed reaction from residential school survivors,Indigenous
Dances With Wolves actor facing additional sex assault charges in Alberta,Indigenous
Generations dance together at Sitansisk powwow,Indigenous
Wampanoag chef 1st Indigenous woman to win a James Beard Award,Indigenous
"Peguis First Nation, surrounding Manitoba communities fear lack of funding could shut down ambulance service",Indigenous
How these Indigenous fashion designers are taking a modern approach to traditional designs,Indigenous
Musician Edzi'u creates soundscapes that explore colonialism and Indigenous resistance,Indigenous
"Elders, vulnerable people forced to leave Cree community of Mistissini due to fires",Indigenous
Relief and gratitude as Cree evacuees return home,Indigenous
Evacuations and anxiety as wildfires rage near Cree communities in Quebec,Indigenous
"With gas at $2.63 a litre, northern Quebec village looks to alternatives",Indigenous
Honour walk held for Indigenous organ donor,Indigenous
Canada’s outdated banking and payments system costs consumers greatly,Business
Small business gets creative and personal to combat rising inflation,Business
Ottawa commits $25-million toward Canada’s first-ever LGBTQ+ entrepreneurship program,Business
Why tech veteran Sylvia Ng wants women in the industry to reject the traditional CEO mold,Business
How generative-AI tools save this growing company time and money,Business
"Why Pete Smaluck, an aspiring math teacher, bet on himself in the sports gambling world",Business
How Emily O’Brien started a gourmet popcorn business behind bars,Business
Ottawa’s token gesture for lowering credit-card fees favours Bay Street over Main Street,Business
How Knix founder Joanna Griffiths built an underwear empire in a room full of naysayers,Business
Why Cheekbone Beauty CEO Jenn Harper thinks inexperience can be an asset,Business
From cannabis boom to bust: Why Bruce Linton was fired from the company he created,Business
"Ironically, mid-sized firms lag both large and small rivals in payments digitization",Business
Struggling small businesses fund your credit-card points. Ottawa was right to cut their fees,Business
Small business groups push for extension to repay outstanding CEBA loans,Business
"Ontario auto insurance companies shortchanging crash victims with outdated rules and fees, health professionals say",Business
Nordstrom’s sorry exit from Canada raises the question: What was it all for?,Business
The government should include a capital gains tax exemption for employee ownership trusts,Business
More pain to come for Tim Hortons franchisees fighting parent Restaurant Brands International,Business
CEO pessimism is at a historic high – firms will fail if they do not transform,Business
"Government outsourcing is good, McKinsey and ArriveCan scandals notwithstanding",Business
Toronto menswear shop holds firm as auto giant Hyundai launches legal battle over Genesis name,Business
"Private equity, pension funds show growing interest in daycare industry",Business
Pharmacist alleges firms curb supply of pet medicine to hike prices,Business
Some banks will charge businesses a monthly fee to pay their taxes,Business
Canadian small businesses are expanding – with a little help from data,Business
"In this brave new world, businesses need to demonstrate courage",Business
The real reason why there are two marijuana stores on every block,Business
"Red-hot market for buying dental, veterinary and other health practices begins to cool",Business
"FYihealth, Functionalab merging to form new medical-aesthetics entity",Business
Hockey Canada must face its sins – but how does the organization rebuild?,Business
Ottawa to regulate credit-card fees if financial industry refuses to lower costs for small businesses,Business
Some businesses surprised to find they are already in default as CEBA issues loan repayment letters,Business
"There’s been only one company IPO this year on the TSX, and that’s a problem",Business
How Canada’s new credit card transaction fees will affect how you pay,Business
Paying with a credit card will soon cost more as some businesses add transaction fees,Business
Etsy sellers frustrated by company’s confusing approach to new sales-tax law,Business
Ottawa could lose more than $5-billion in CEBA pandemic loans to small businesses,Business
Big Six banks’ loan programs for Black entrepreneurs off to slow start,Business
"VetStrategy pulls back on some vet-clinic purchases, sellers say, as market cools",Business
Some small businesses offer benefits to retain staff in tight labour market,Business
Applicants for Ottawa’s Black Entrepreneurship Loan Fund unable to appeal rejections despite promises of transparency,Business
Health regulators urged to act more as level of corporate ownership rises,Business
Canada’s other health care crisis: Costs are on a vicious spiral – a looming economic mess,Health
It’s time to stop picking sides in the cardio vs. weightlifting debate,Health
"Should I take curcumin, turmeric’s secret weapon? Here’s what the science says",Health
Corporate Canada needs to do better for people with disabilities,Health
"Eating flavanol-rich foods can boost brain health, new study suggests",Health
Self-care can’t be bought,Health
Health tech is coming for your bladder,Health
"To avoid malnutrition in seniors, ‘tiny little interventions’ can go a long way",Health
"Non-sugar sweeteners aren’t effective for weight control and could be harmful long-term, WHO says",Health
CAMH calls for ban on gambling advertising during sports broadcasts,Health
"Food marketed to kids is lower in nutritional value, study finds",Health
"Wellness news: A breath of fresh air, poking fun at wellness mania and interchangeable fitness fashion",Health
The case for exercising outdoors,Health
"Want a heart-healthy diet? Skip low-carb eating patterns like keto, paleo or Atkins",Health
‘This isn’t a poor-me story’: Olympian Piper Gilles opens up about her frightening experience with ovarian cancer,Health
Why wellness guru Wim Hof loves cold plunges,Health
How soaring rents are transforming student life,Health
"Refined grains, processed meats fuelling increase in Type 2 diabetes",Health
Coal miners with black lung struggle for fair compensation,Health
‘Punched in the face by my investments’: How to endure stock market swings,Health
"Save on groceries: Price match, buy in season product, cook from scratch and more budget-friendly tips",Health
Need a reason to cut back on sugar? Here are 45,Health
How climate anxiety is shaping small and large financial decisions,Health
"Wellness news: Sleep-inspired getaways, staying fit on the fly and Cloudsurfer runners that soften your step",Health
Save money and the planet: How thrifting can help combat inflation,Health
"Eat more magnesium-rich foods to slow brain aging, study suggests",Health
Can exercise help brain health? What two conflicting studies tell us,Health
"Fertility treatments can be a massive, unexpected cost for Canadians. Here’s what you should know",Health
Want a healthy gut? New research shows how exercise can help,Health
"Canadians are still eating too much sodium, WHO warns. Here’s how to cut back",Health
Think beyond breakfast: Porridge is the ultimate versatile food,Health
A hockey game where hearing is believing,Health
"Wellness news: The spa-ification of the dental office, a personalized Nordic ritual and a new guide to stretching",Health
"Mediterranean, MIND diets may protect the brain from Alzheimer’s dementia, study shows",Health
Today is World Sleep Day. Here are some tips for better rest,Health
Why isn’t everyone being offered a COVID booster this spring?,Health
"Corrections commissioner never discussed Bernardo prison transfer with me, Mendicino says",Politics
LeBlanc says plans for new infrastructure funding program on track for the fall,Politics
Bill C-11 risks becoming ‘a solution searching for a problem’,Politics
Politics Briefing: Parties negotiating possible plan for House to rise late Wednesday,Politics
MPs to break for the summer amid negotiations on inquiry into interference,Politics
"Ottawa releases action plan to implement UNDRIP, despite calls for more consultation",Politics
Parliament adjourns two days early for summer amid growing talk of cabinet shuffle,Politics
Canada’s other health care crisis: Costs are on a vicious spiral – a looming economic mess,Politics
Canada urged to set up trust fund to distribute seized Russian assets to Ukraine,Politics
Conservative MPs furious after e-mails show federal officials worked on ways not to answer their questions,Politics
Politics Briefing: PM full of praise for predecessor Brian Mulroney,Politics
"Brian Mulroney praises Trudeau’s leadership, omits any mention of Poilievre",Politics
Poilievre says Conservatives will put forward names for a foreign interference public inquiry after one is called,Politics
Conservative wins in two by-elections show Poilievre’s efforts to win back PPC voters may be working,Politics
Nomination process begins to replace ex-Supreme Court justice Russell Brown,Politics
Search-and-rescue operation ongoing after RCAF helicopter crash,Politics
"Deputy minister left government weeks after Indigenous group privately called for his resignation, documents show",Politics
"Heritage Minister Rodriguez rejects key Senate change to Bill C-18, paving way for Facebook news block",Politics
MPs urge Canada to sanction officials responsible for Chinese-run residential schools in Tibet,Politics
Politics Briefing: Canadians go to the polls in four by-elections Monday,Politics
"Most residents of northern Quebec town return after wildfire threat, but risks remain",Politics
MPs call for reform of Canada’s extradition system to avoid ‘further injustices’,Politics
"The four federal by-elections happening today, and what to watch for in those ridings",Politics
"McKinsey pitched Purdue Pharma Canada on plan to boost opioid sales in 2014, memo reveals",Politics
"Chinese, Vietnamese students caught up in college-admission scam, Ottawa says",Politics
"Artificial intelligence makes Bill C-18, Canada’s Online News Act, already outdated",Politics
"Pierre Poilievre needs smart appeal to big cities to become prime minister, Erin O’Toole says",Politics
Politics Briefing: Canada’s population climbs by more than a million to pass 40-million mark,Politics
Federal workers vote ‘overwhelmingly’ in favour of agreements that ended strike: PSAC,Politics
Minneapolis cops to get federal oversight after scathing report,Politics
"Almost 18,000 boxes still unopened after 50 years at National Archives",Politics
Canada will deploy Leopard 2 tank squadron to NATO battlegroup in Latvia,Politics
Supreme Court of Canada upholds Safe Third Country Agreement,Politics
The mandate letter Trudeau’s ministers must have received,Politics
Public Safety Minister Mendicino unable to explain why he wasn’t told of Paul Bernardo transfer,Politics
The Liberal Party is in trouble at the provincial level,Politics
Canada must remain engaged with China’s Asian Infrastructure Investment Bank,Politics
Politics Briefing: Marco Mendicino said ‘it is unacceptable’ that he did not know about Bernardo transfer,Politics
Former Conservative leader Erin O’Toole steps into top role at global strategy firm,Politics
Russian foreign ministry summons Canadian envoy over plane confiscation,Politics
"Public Safety Minister Mendicino tight-lipped on gaps in knowledge, staff communication about Paul Bernardo’s prison transfer",Politics
Federal government presents long-awaited sustainable jobs bill for green transition,Politics
Canadian military plane detects noises underwater in search for Titanic submersible,Indigenous
Ethics commissioner finds Surrey councillor breached ethics rules when he voted to stick with RCMP,Indigenous
Nursing shortage in Ontario remains despite a push to hire,Indigenous
"Proposed legislation would grant Métis self-governing status, power to negotiate with Ottawa",Indigenous
What you need to know to decide if trip cancellation insurance is worth the cost,Indigenous
Former Toronto mayor John Tory endorses Ana Bailão to replace him in next week’s by-election,Indigenous
"Police plead for video, saying two killers of Sikh temple leader escaped through Surrey, B.C. park",Indigenous
Evening Update: Search for missing submersible intensifies after underwater noises detected,Indigenous
Deep-sea explorer says Titanic wreck is staggering to see in person,Indigenous
Alberta youth arrested in terrorism investigation subject to peace bond,Indigenous
"Police seize hundreds of firearms, some 3D-printed, in operation spanning eight provinces",Indigenous
Alberta NDP says it will watch to ensure advice to Danielle Smith prevents continued interference in justice system,Indigenous
Bill C-11 risks becoming ‘a solution searching for a problem’,Indigenous
Canada’s outdated banking and payments system costs consumers greatly,Indigenous
Flag raised in Ottawa to honour residential school survivors,Indigenous
MPs to break for the summer amid negotiations on inquiry into interference,Indigenous
"Ottawa releases action plan to implement UNDRIP, despite calls for more consultation",Indigenous
Saskatchewan privacy commissioner flags alleged illegal immigration scheme,Indigenous
Experts had concerns about OceanGate’s Titanic submersible for years,Indigenous
"Surrey, B.C., councillor breached conflict rules in police vote, ethics report finds",Indigenous
Defence Department confirms two RCAF members killed in military helicopter crash near Petawawa,Indigenous
"Two dead, two injured in Vancouver Island plane crash",Indigenous
Manitoba bus driver says rides must continue in wake of deadly crash,Indigenous
"One in four Canadians say they have been affected by wildfires this year, poll shows",Indigenous
"Police arrest 45, seize 440 weapons in Canada-wide raids targeting 3D-printed guns",Indigenous
New menopause treatments offer hope for women with dwindling options,Indigenous
Fire department called to assist dying patient in Nova Scotia hospital with no doctor,Indigenous
"Woman injured in Manitoba bus crash dies in hospital, bringing death toll to 16",Indigenous
Trudeau raises flag honouring residential school survivors on Parliament Hill,Indigenous
"Some 40 previously contained wildfires in Quebec could become out of control, minister says",Indigenous
Preliminary hearing for Quebec man accused of killing three with truck set for September,Indigenous
How powwow dancers celebrated Indigenous heritage at Toronto's Fort York,Indigenous
Two missing RCAF members found dead after helicopter crash in Ottawa River,Indigenous
"Western Canada: Surrey, B.C., community reeling after Sikh leader shot on temple grounds",Indigenous
"Police say fiery collision on 401 highway near Pickering leaves two dead, shuts down traffic",Indigenous
What's it like inside the missing Titanic submersible?,Indigenous
